ID,SUBCLASS
TEST_0000,LUSC
TEST_0001,STES
TEST_0002,SARC
TEST_0003,GBMLGG
TEST_0004,LUSC
TEST_0005,OV
TEST_0006,BRCA
TEST_0007,COAD
TEST_0008,PRAD
TEST_0009,LUAD
TEST_0010,KIRC
TEST_0011,LAML
TEST_0012,KIPAN
TEST_0013,STES
TEST_0014,KIRC
TEST_0015,STES
TEST_0016,OV
TEST_0017,THYM
TEST_0018,KIPAN
TEST_0019,PRAD
TEST_0020,COAD
TEST_0021,STES
TEST_0022,LGG
TEST_0023,STES
TEST_0024,KIPAN
TEST_0025,COAD
TEST_0026,OV
TEST_0027,PAAD
TEST_0028,BRCA
TEST_0029,PRAD
TEST_0030,COAD
TEST_0031,DLBC
TEST_0032,BRCA
TEST_0033,KIRC
TEST_0034,KIPAN
TEST_0035,KIPAN
TEST_0036,LGG
TEST_0037,PRAD
TEST_0038,STES
TEST_0039,KIPAN
TEST_0040,SARC
TEST_0041,GBMLGG
TEST_0042,SKCM
TEST_0043,COAD
TEST_0044,BRCA
TEST_0045,HNSC
TEST_0046,KIRC
TEST_0047,LUAD
TEST_0048,CESC
TEST_0049,BRCA
TEST_0050,STES
TEST_0051,KIRC
TEST_0052,HNSC
TEST_0053,OV
TEST_0054,LUAD
TEST_0055,OV
TEST_0056,LIHC
TEST_0057,BRCA
TEST_0058,STES
TEST_0059,SKCM
TEST_0060,CESC
TEST_0061,BRCA
TEST_0062,SARC
TEST_0063,KIPAN
TEST_0064,PCPG
TEST_0065,LIHC
TEST_0066,STES
TEST_0067,KIPAN
TEST_0068,KIPAN
TEST_0069,PAAD
TEST_0070,COAD
TEST_0071,COAD
TEST_0072,OV
TEST_0073,LUAD
TEST_0074,PRAD
TEST_0075,PRAD
TEST_0076,COAD
TEST_0077,KIPAN
TEST_0078,PRAD
TEST_0079,LUSC
TEST_0080,KIPAN
TEST_0081,BRCA
TEST_0082,STES
TEST_0083,STES
TEST_0084,KIPAN
TEST_0085,LIHC
TEST_0086,STES
TEST_0087,KIPAN
TEST_0088,STES
TEST_0089,BRCA
TEST_0090,THCA
TEST_0091,KIRC
TEST_0092,PAAD
TEST_0093,STES
TEST_0094,PRAD
TEST_0095,KIPAN
TEST_0096,STES
TEST_0097,OV
TEST_0098,BRCA
TEST_0099,LUSC
TEST_0100,PRAD
TEST_0101,LIHC
TEST_0102,SARC
TEST_0103,GBMLGG
TEST_0104,LGG
TEST_0105,LIHC
TEST_0106,LUSC
TEST_0107,KIPAN
TEST_0108,DLBC
TEST_0109,KIPAN
TEST_0110,PRAD
TEST_0111,THCA
TEST_0112,UCEC
TEST_0113,BRCA
TEST_0114,KIPAN
TEST_0115,PRAD
TEST_0116,KIPAN
TEST_0117,GBMLGG
TEST_0118,GBMLGG
TEST_0119,STES
TEST_0120,STES
TEST_0121,GBMLGG
TEST_0122,BRCA
TEST_0123,KIRC
TEST_0124,THCA
TEST_0125,LUSC
TEST_0126,LIHC
TEST_0127,GBMLGG
TEST_0128,TGCT
TEST_0129,KIPAN
TEST_0130,SARC
TEST_0131,LAML
TEST_0132,BRCA
TEST_0133,OV
TEST_0134,LUSC
TEST_0135,KIPAN
TEST_0136,GBMLGG
TEST_0137,BRCA
TEST_0138,GBMLGG
TEST_0139,PRAD
TEST_0140,LUSC
TEST_0141,GBMLGG
TEST_0142,SKCM
TEST_0143,BLCA
TEST_0144,PRAD
TEST_0145,THCA
TEST_0146,KIPAN
TEST_0147,KIPAN
TEST_0148,KIPAN
TEST_0149,KIPAN
TEST_0150,STES
TEST_0151,THCA
TEST_0152,OV
TEST_0153,LGG
TEST_0154,KIRC
TEST_0155,PRAD
TEST_0156,PRAD
TEST_0157,LUSC
TEST_0158,LUSC
TEST_0159,KIPAN
TEST_0160,SARC
TEST_0161,KIRC
TEST_0162,STES
TEST_0163,SARC
TEST_0164,GBMLGG
TEST_0165,BRCA
TEST_0166,STES
TEST_0167,STES
TEST_0168,KIRC
TEST_0169,STES
TEST_0170,THYM
TEST_0171,LUSC
TEST_0172,KIPAN
TEST_0173,PRAD
TEST_0174,BRCA
TEST_0175,KIPAN
TEST_0176,CESC
TEST_0177,PAAD
TEST_0178,KIPAN
TEST_0179,CESC
TEST_0180,THYM
TEST_0181,BRCA
TEST_0182,BRCA
TEST_0183,STES
TEST_0184,THCA
TEST_0185,KIRC
TEST_0186,STES
TEST_0187,THYM
TEST_0188,GBMLGG
TEST_0189,KIRC
TEST_0190,STES
TEST_0191,UCEC
TEST_0192,PRAD
TEST_0193,PAAD
TEST_0194,LUAD
TEST_0195,STES
TEST_0196,LUSC
TEST_0197,STES
TEST_0198,KIPAN
TEST_0199,SARC
TEST_0200,KIRC
TEST_0201,KIPAN
TEST_0202,KIRC
TEST_0203,GBMLGG
TEST_0204,THCA
TEST_0205,SARC
TEST_0206,SARC
TEST_0207,SKCM
TEST_0208,UCEC
TEST_0209,LIHC
TEST_0210,DLBC
TEST_0211,BRCA
TEST_0212,GBMLGG
TEST_0213,BRCA
TEST_0214,THYM
TEST_0215,SKCM
TEST_0216,BLCA
TEST_0217,GBMLGG
TEST_0218,PRAD
TEST_0219,THYM
TEST_0220,BRCA
TEST_0221,OV
TEST_0222,SARC
TEST_0223,GBMLGG
TEST_0224,UCEC
TEST_0225,KIRC
TEST_0226,KIRC
TEST_0227,LUSC
TEST_0228,DLBC
TEST_0229,KIPAN
TEST_0230,STES
TEST_0231,KIPAN
TEST_0232,KIPAN
TEST_0233,KIPAN
TEST_0234,OV
TEST_0235,STES
TEST_0236,BRCA
TEST_0237,BRCA
TEST_0238,SKCM
TEST_0239,SKCM
TEST_0240,LUSC
TEST_0241,PCPG
TEST_0242,BLCA
TEST_0243,BRCA
TEST_0244,KIRC
TEST_0245,LUAD
TEST_0246,SARC
TEST_0247,GBMLGG
TEST_0248,DLBC
TEST_0249,PRAD
TEST_0250,HNSC
TEST_0251,OV
TEST_0252,KIPAN
TEST_0253,PRAD
TEST_0254,SKCM
TEST_0255,KIPAN
TEST_0256,STES
TEST_0257,OV
TEST_0258,STES
TEST_0259,STES
TEST_0260,THCA
TEST_0261,KIPAN
TEST_0262,TGCT
TEST_0263,KIPAN
TEST_0264,GBMLGG
TEST_0265,OV
TEST_0266,SKCM
TEST_0267,KIPAN
TEST_0268,STES
TEST_0269,KIRC
TEST_0270,SARC
TEST_0271,KIPAN
TEST_0272,GBMLGG
TEST_0273,GBMLGG
TEST_0274,KIRC
TEST_0275,GBMLGG
TEST_0276,KIPAN
TEST_0277,KIRC
TEST_0278,BRCA
TEST_0279,KIPAN
TEST_0280,KIPAN
TEST_0281,SKCM
TEST_0282,BRCA
TEST_0283,LIHC
TEST_0284,BLCA
TEST_0285,HNSC
TEST_0286,COAD
TEST_0287,KIPAN
TEST_0288,OV
TEST_0289,COAD
TEST_0290,KIPAN
TEST_0291,GBMLGG
TEST_0292,STES
TEST_0293,ACC
TEST_0294,THYM
TEST_0295,STES
TEST_0296,SARC
TEST_0297,LUAD
TEST_0298,KIPAN
TEST_0299,UCEC
TEST_0300,LUSC
TEST_0301,THCA
TEST_0302,STES
TEST_0303,STES
TEST_0304,HNSC
TEST_0305,STES
TEST_0306,STES
TEST_0307,SARC
TEST_0308,STES
TEST_0309,HNSC
TEST_0310,GBMLGG
TEST_0311,PRAD
TEST_0312,COAD
TEST_0313,STES
TEST_0314,KIPAN
TEST_0315,STES
TEST_0316,BRCA
TEST_0317,STES
TEST_0318,BRCA
TEST_0319,UCEC
TEST_0320,PRAD
TEST_0321,STES
TEST_0322,LGG
TEST_0323,KIPAN
TEST_0324,SKCM
TEST_0325,STES
TEST_0326,OV
TEST_0327,SARC
TEST_0328,KIPAN
TEST_0329,CESC
TEST_0330,KIPAN
TEST_0331,KIPAN
TEST_0332,LUSC
TEST_0333,KIPAN
TEST_0334,KIPAN
TEST_0335,LUAD
TEST_0336,COAD
TEST_0337,STES
TEST_0338,KIPAN
TEST_0339,BRCA
TEST_0340,STES
TEST_0341,KIRC
TEST_0342,SKCM
TEST_0343,BRCA
TEST_0344,HNSC
TEST_0345,SKCM
TEST_0346,BRCA
TEST_0347,STES
TEST_0348,DLBC
TEST_0349,STES
TEST_0350,LUSC
TEST_0351,BRCA
TEST_0352,PCPG
TEST_0353,KIPAN
TEST_0354,STES
TEST_0355,STES
TEST_0356,HNSC
TEST_0357,SARC
TEST_0358,OV
TEST_0359,STES
TEST_0360,OV
TEST_0361,KIPAN
TEST_0362,LIHC
TEST_0363,KIPAN
TEST_0364,STES
TEST_0365,COAD
TEST_0366,KIRC
TEST_0367,BRCA
TEST_0368,BRCA
TEST_0369,SARC
TEST_0370,PRAD
TEST_0371,PRAD
TEST_0372,BRCA
TEST_0373,SARC
TEST_0374,THYM
TEST_0375,OV
TEST_0376,SARC
TEST_0377,KIPAN
TEST_0378,OV
TEST_0379,THCA
TEST_0380,KIPAN
TEST_0381,KIRC
TEST_0382,SARC
TEST_0383,KIPAN
TEST_0384,PRAD
TEST_0385,LUSC
TEST_0386,UCEC
TEST_0387,PRAD
TEST_0388,THYM
TEST_0389,KIRC
TEST_0390,PRAD
TEST_0391,OV
TEST_0392,KIPAN
TEST_0393,KIPAN
TEST_0394,LUAD
TEST_0395,LUAD
TEST_0396,STES
TEST_0397,STES
TEST_0398,PRAD
TEST_0399,COAD
TEST_0400,KIPAN
TEST_0401,PRAD
TEST_0402,COAD
TEST_0403,STES
TEST_0404,CESC
TEST_0405,COAD
TEST_0406,STES
TEST_0407,STES
TEST_0408,SARC
TEST_0409,THCA
TEST_0410,STES
TEST_0411,CESC
TEST_0412,KIPAN
TEST_0413,HNSC
TEST_0414,COAD
TEST_0415,TGCT
TEST_0416,KIRC
TEST_0417,GBMLGG
TEST_0418,CESC
TEST_0419,HNSC
TEST_0420,BRCA
TEST_0421,KIPAN
TEST_0422,KIPAN
TEST_0423,STES
TEST_0424,KIPAN
TEST_0425,HNSC
TEST_0426,STES
TEST_0427,BRCA
TEST_0428,SARC
TEST_0429,STES
TEST_0430,STES
TEST_0431,LUSC
TEST_0432,PRAD
TEST_0433,OV
TEST_0434,LUSC
TEST_0435,PRAD
TEST_0436,KIPAN
TEST_0437,OV
TEST_0438,SKCM
TEST_0439,PRAD
TEST_0440,LUAD
TEST_0441,SARC
TEST_0442,KIPAN
TEST_0443,STES
TEST_0444,COAD
TEST_0445,LGG
TEST_0446,THYM
TEST_0447,STES
TEST_0448,PRAD
TEST_0449,STES
TEST_0450,THYM
TEST_0451,OV
TEST_0452,STES
TEST_0453,KIPAN
TEST_0454,BRCA
TEST_0455,LUSC
TEST_0456,LAML
TEST_0457,LIHC
TEST_0458,HNSC
TEST_0459,KIPAN
TEST_0460,LIHC
TEST_0461,SARC
TEST_0462,STES
TEST_0463,HNSC
TEST_0464,STES
TEST_0465,STES
TEST_0466,HNSC
TEST_0467,STES
TEST_0468,CESC
TEST_0469,BRCA
TEST_0470,HNSC
TEST_0471,TGCT
TEST_0472,STES
TEST_0473,SARC
TEST_0474,UCEC
TEST_0475,KIPAN
TEST_0476,PAAD
TEST_0477,SKCM
TEST_0478,GBMLGG
TEST_0479,LIHC
TEST_0480,KIRC
TEST_0481,PRAD
TEST_0482,KIPAN
TEST_0483,KIRC
TEST_0484,BRCA
TEST_0485,KIRC
TEST_0486,BLCA
TEST_0487,BRCA
TEST_0488,LUSC
TEST_0489,OV
TEST_0490,THCA
TEST_0491,BRCA
TEST_0492,SARC
TEST_0493,STES
TEST_0494,OV
TEST_0495,CESC
TEST_0496,SARC
TEST_0497,THCA
TEST_0498,SARC
TEST_0499,KIRC
TEST_0500,KIPAN
TEST_0501,BRCA
TEST_0502,PRAD
TEST_0503,LUSC
TEST_0504,SARC
TEST_0505,STES
TEST_0506,CESC
TEST_0507,KIPAN
TEST_0508,STES
TEST_0509,STES
TEST_0510,KIPAN
TEST_0511,KIPAN
TEST_0512,KIRC
TEST_0513,BRCA
TEST_0514,DLBC
TEST_0515,LUSC
TEST_0516,BRCA
TEST_0517,LUSC
TEST_0518,STES
TEST_0519,THCA
TEST_0520,KIPAN
TEST_0521,KIPAN
TEST_0522,KIPAN
TEST_0523,SARC
TEST_0524,STES
TEST_0525,LUSC
TEST_0526,STES
TEST_0527,LUSC
TEST_0528,BRCA
TEST_0529,THCA
TEST_0530,KIPAN
TEST_0531,BRCA
TEST_0532,HNSC
TEST_0533,HNSC
TEST_0534,PRAD
TEST_0535,KIPAN
TEST_0536,SARC
TEST_0537,KIPAN
TEST_0538,BRCA
TEST_0539,KIRC
TEST_0540,SKCM
TEST_0541,STES
TEST_0542,SARC
TEST_0543,KIPAN
TEST_0544,KIPAN
TEST_0545,THYM
TEST_0546,LUSC
TEST_0547,LIHC
TEST_0548,KIRC
TEST_0549,SKCM
TEST_0550,OV
TEST_0551,OV
TEST_0552,LIHC
TEST_0553,CESC
TEST_0554,KIRC
TEST_0555,KIPAN
TEST_0556,STES
TEST_0557,BRCA
TEST_0558,LAML
TEST_0559,LUSC
TEST_0560,THCA
TEST_0561,BRCA
TEST_0562,PRAD
TEST_0563,KIPAN
TEST_0564,LUSC
TEST_0565,THCA
TEST_0566,SKCM
TEST_0567,HNSC
TEST_0568,KIPAN
TEST_0569,DLBC
TEST_0570,STES
TEST_0571,KIPAN
TEST_0572,LIHC
TEST_0573,GBMLGG
TEST_0574,STES
TEST_0575,COAD
TEST_0576,UCEC
TEST_0577,BRCA
TEST_0578,HNSC
TEST_0579,LUAD
TEST_0580,STES
TEST_0581,STES
TEST_0582,LUSC
TEST_0583,COAD
TEST_0584,LIHC
TEST_0585,KIRC
TEST_0586,THCA
TEST_0587,DLBC
TEST_0588,STES
TEST_0589,LUAD
TEST_0590,LIHC
TEST_0591,KIPAN
TEST_0592,KIPAN
TEST_0593,STES
TEST_0594,BRCA
TEST_0595,PCPG
TEST_0596,STES
TEST_0597,STES
TEST_0598,BRCA
TEST_0599,STES
TEST_0600,LIHC
TEST_0601,STES
TEST_0602,LAML
TEST_0603,SKCM
TEST_0604,STES
TEST_0605,LGG
TEST_0606,KIRC
TEST_0607,LUSC
TEST_0608,LUSC
TEST_0609,PCPG
TEST_0610,OV
TEST_0611,KIPAN
TEST_0612,GBMLGG
TEST_0613,KIPAN
TEST_0614,KIPAN
TEST_0615,LIHC
TEST_0616,UCEC
TEST_0617,PAAD
TEST_0618,COAD
TEST_0619,THYM
TEST_0620,STES
TEST_0621,BRCA
TEST_0622,KIPAN
TEST_0623,LUAD
TEST_0624,STES
TEST_0625,LIHC
TEST_0626,LIHC
TEST_0627,STES
TEST_0628,STES
TEST_0629,DLBC
TEST_0630,LUSC
TEST_0631,KIRC
TEST_0632,LUSC
TEST_0633,PAAD
TEST_0634,KIPAN
TEST_0635,SARC
TEST_0636,SKCM
TEST_0637,THYM
TEST_0638,HNSC
TEST_0639,KIPAN
TEST_0640,STES
TEST_0641,PRAD
TEST_0642,HNSC
TEST_0643,THCA
TEST_0644,SARC
TEST_0645,LIHC
TEST_0646,LUSC
TEST_0647,KIPAN
TEST_0648,UCEC
TEST_0649,LGG
TEST_0650,BRCA
TEST_0651,STES
TEST_0652,KIPAN
TEST_0653,COAD
TEST_0654,PRAD
TEST_0655,PRAD
TEST_0656,THYM
TEST_0657,UCEC
TEST_0658,STES
TEST_0659,COAD
TEST_0660,LIHC
TEST_0661,STES
TEST_0662,GBMLGG
TEST_0663,KIPAN
TEST_0664,SARC
TEST_0665,STES
TEST_0666,KIRC
TEST_0667,KIPAN
TEST_0668,KIPAN
TEST_0669,PCPG
TEST_0670,KIRC
TEST_0671,STES
TEST_0672,PRAD
TEST_0673,KIRC
TEST_0674,UCEC
TEST_0675,STES
TEST_0676,THYM
TEST_0677,OV
TEST_0678,COAD
TEST_0679,GBMLGG
TEST_0680,STES
TEST_0681,KIPAN
TEST_0682,STES
TEST_0683,BRCA
TEST_0684,GBMLGG
TEST_0685,KIPAN
TEST_0686,LIHC
TEST_0687,KIPAN
TEST_0688,HNSC
TEST_0689,LUSC
TEST_0690,COAD
TEST_0691,STES
TEST_0692,STES
TEST_0693,THCA
TEST_0694,KIPAN
TEST_0695,KIRC
TEST_0696,THYM
TEST_0697,STES
TEST_0698,LUAD
TEST_0699,GBMLGG
TEST_0700,PAAD
TEST_0701,THCA
TEST_0702,KIPAN
TEST_0703,SARC
TEST_0704,GBMLGG
TEST_0705,UCEC
TEST_0706,GBMLGG
TEST_0707,STES
TEST_0708,KIRC
TEST_0709,STES
TEST_0710,PRAD
TEST_0711,KIPAN
TEST_0712,LUSC
TEST_0713,STES
TEST_0714,PCPG
TEST_0715,SARC
TEST_0716,GBMLGG
TEST_0717,SKCM
TEST_0718,SKCM
TEST_0719,KIRC
TEST_0720,SARC
TEST_0721,KIPAN
TEST_0722,ACC
TEST_0723,BRCA
TEST_0724,LUSC
TEST_0725,SARC
TEST_0726,LUSC
TEST_0727,HNSC
TEST_0728,OV
TEST_0729,KIRC
TEST_0730,STES
TEST_0731,STES
TEST_0732,STES
TEST_0733,THCA
TEST_0734,LUSC
TEST_0735,GBMLGG
TEST_0736,PRAD
TEST_0737,KIPAN
TEST_0738,OV
TEST_0739,CESC
TEST_0740,SARC
TEST_0741,THCA
TEST_0742,HNSC
TEST_0743,LIHC
TEST_0744,COAD
TEST_0745,BRCA
TEST_0746,OV
TEST_0747,KIRC
TEST_0748,BRCA
TEST_0749,STES
TEST_0750,KIPAN
TEST_0751,LIHC
TEST_0752,SARC
TEST_0753,KIPAN
TEST_0754,KIPAN
TEST_0755,STES
TEST_0756,DLBC
TEST_0757,PRAD
TEST_0758,OV
TEST_0759,SARC
TEST_0760,BRCA
TEST_0761,STES
TEST_0762,UCEC
TEST_0763,STES
TEST_0764,KIPAN
TEST_0765,CESC
TEST_0766,DLBC
TEST_0767,PRAD
TEST_0768,KIPAN
TEST_0769,ACC
TEST_0770,KIPAN
TEST_0771,BRCA
TEST_0772,PRAD
TEST_0773,ACC
TEST_0774,KIPAN
TEST_0775,LUSC
TEST_0776,KIPAN
TEST_0777,STES
TEST_0778,OV
TEST_0779,KIRC
TEST_0780,THCA
TEST_0781,HNSC
TEST_0782,PAAD
TEST_0783,KIPAN
TEST_0784,KIPAN
TEST_0785,PRAD
TEST_0786,LIHC
TEST_0787,THYM
TEST_0788,KIRC
TEST_0789,UCEC
TEST_0790,SARC
TEST_0791,BRCA
TEST_0792,KIPAN
TEST_0793,KIPAN
TEST_0794,KIPAN
TEST_0795,KIPAN
TEST_0796,LAML
TEST_0797,STES
TEST_0798,SARC
TEST_0799,LUSC
TEST_0800,KIPAN
TEST_0801,SARC
TEST_0802,CESC
TEST_0803,KIPAN
TEST_0804,UCEC
TEST_0805,HNSC
TEST_0806,UCEC
TEST_0807,KIPAN
TEST_0808,KIPAN
TEST_0809,HNSC
TEST_0810,STES
TEST_0811,STES
TEST_0812,PRAD
TEST_0813,COAD
TEST_0814,KIPAN
TEST_0815,SARC
TEST_0816,LUSC
TEST_0817,LUAD
TEST_0818,STES
TEST_0819,GBMLGG
TEST_0820,KIPAN
TEST_0821,GBMLGG
TEST_0822,COAD
TEST_0823,STES
TEST_0824,KIPAN
TEST_0825,KIPAN
TEST_0826,LUSC
TEST_0827,KIPAN
TEST_0828,BRCA
TEST_0829,STES
TEST_0830,BRCA
TEST_0831,LIHC
TEST_0832,LGG
TEST_0833,SARC
TEST_0834,GBMLGG
TEST_0835,KIPAN
TEST_0836,KIPAN
TEST_0837,KIRC
TEST_0838,KIPAN
TEST_0839,LUSC
TEST_0840,OV
TEST_0841,STES
TEST_0842,THCA
TEST_0843,OV
TEST_0844,KIPAN
TEST_0845,PAAD
TEST_0846,GBMLGG
TEST_0847,PAAD
TEST_0848,STES
TEST_0849,LUSC
TEST_0850,LUSC
TEST_0851,KIPAN
TEST_0852,BRCA
TEST_0853,CESC
TEST_0854,KIPAN
TEST_0855,THYM
TEST_0856,SARC
TEST_0857,SARC
TEST_0858,DLBC
TEST_0859,LUSC
TEST_0860,KIRC
TEST_0861,LUSC
TEST_0862,BRCA
TEST_0863,KIPAN
TEST_0864,LAML
TEST_0865,PRAD
TEST_0866,STES
TEST_0867,LUSC
TEST_0868,LUSC
TEST_0869,THYM
TEST_0870,LUSC
TEST_0871,LUSC
TEST_0872,SARC
TEST_0873,PRAD
TEST_0874,KIPAN
TEST_0875,SARC
TEST_0876,KIPAN
TEST_0877,SARC
TEST_0878,PRAD
TEST_0879,KIPAN
TEST_0880,THYM
TEST_0881,HNSC
TEST_0882,BRCA
TEST_0883,SKCM
TEST_0884,LGG
TEST_0885,PRAD
TEST_0886,GBMLGG
TEST_0887,BRCA
TEST_0888,KIPAN
TEST_0889,COAD
TEST_0890,LUSC
TEST_0891,OV
TEST_0892,COAD
TEST_0893,TGCT
TEST_0894,GBMLGG
TEST_0895,SKCM
TEST_0896,STES
TEST_0897,PRAD
TEST_0898,THYM
TEST_0899,PRAD
TEST_0900,LUSC
TEST_0901,LIHC
TEST_0902,SARC
TEST_0903,PAAD
TEST_0904,TGCT
TEST_0905,KIRC
TEST_0906,THCA
TEST_0907,OV
TEST_0908,KIPAN
TEST_0909,COAD
TEST_0910,LUSC
TEST_0911,SARC
TEST_0912,STES
TEST_0913,STES
TEST_0914,STES
TEST_0915,KIPAN
TEST_0916,LIHC
TEST_0917,LIHC
TEST_0918,KIPAN
TEST_0919,KIPAN
TEST_0920,SARC
TEST_0921,TGCT
TEST_0922,ACC
TEST_0923,KIPAN
TEST_0924,SARC
TEST_0925,KIRC
TEST_0926,STES
TEST_0927,BRCA
TEST_0928,DLBC
TEST_0929,KIPAN
TEST_0930,LUSC
TEST_0931,KIPAN
TEST_0932,KIPAN
TEST_0933,LUSC
TEST_0934,OV
TEST_0935,THCA
TEST_0936,BLCA
TEST_0937,KIPAN
TEST_0938,LGG
TEST_0939,LUSC
TEST_0940,SARC
TEST_0941,STES
TEST_0942,PRAD
TEST_0943,UCEC
TEST_0944,OV
TEST_0945,STES
TEST_0946,KIPAN
TEST_0947,GBMLGG
TEST_0948,KIPAN
TEST_0949,KIPAN
TEST_0950,KIPAN
TEST_0951,GBMLGG
TEST_0952,KIPAN
TEST_0953,BRCA
TEST_0954,LAML
TEST_0955,GBMLGG
TEST_0956,COAD
TEST_0957,SKCM
TEST_0958,BRCA
TEST_0959,HNSC
TEST_0960,KIRC
TEST_0961,BRCA
TEST_0962,STES
TEST_0963,LUSC
TEST_0964,PAAD
TEST_0965,KIPAN
TEST_0966,STES
TEST_0967,STES
TEST_0968,STES
TEST_0969,LUSC
TEST_0970,STES
TEST_0971,TGCT
TEST_0972,KIRC
TEST_0973,KIPAN
TEST_0974,SARC
TEST_0975,LGG
TEST_0976,LGG
TEST_0977,LUSC
TEST_0978,OV
TEST_0979,THYM
TEST_0980,LUSC
TEST_0981,BRCA
TEST_0982,SARC
TEST_0983,LIHC
TEST_0984,KIPAN
TEST_0985,LUSC
TEST_0986,UCEC
TEST_0987,GBMLGG
TEST_0988,PRAD
TEST_0989,LUAD
TEST_0990,KIPAN
TEST_0991,OV
TEST_0992,GBMLGG
TEST_0993,BRCA
TEST_0994,KIPAN
TEST_0995,KIPAN
TEST_0996,KIPAN
TEST_0997,BRCA
TEST_0998,KIPAN
TEST_0999,THCA
TEST_1000,COAD
TEST_1001,STES
TEST_1002,STES
TEST_1003,KIPAN
TEST_1004,KIRC
TEST_1005,KIPAN
TEST_1006,LUAD
TEST_1007,KIPAN
TEST_1008,OV
TEST_1009,SARC
TEST_1010,STES
TEST_1011,LUSC
TEST_1012,PRAD
TEST_1013,KIPAN
TEST_1014,LUSC
TEST_1015,KIPAN
TEST_1016,PRAD
TEST_1017,SKCM
TEST_1018,BRCA
TEST_1019,STES
TEST_1020,KIPAN
TEST_1021,KIPAN
TEST_1022,PCPG
TEST_1023,PRAD
TEST_1024,STES
TEST_1025,LIHC
TEST_1026,SARC
TEST_1027,LIHC
TEST_1028,BRCA
TEST_1029,GBMLGG
TEST_1030,GBMLGG
TEST_1031,LUSC
TEST_1032,PRAD
TEST_1033,SARC
TEST_1034,KIRC
TEST_1035,KIPAN
TEST_1036,SKCM
TEST_1037,GBMLGG
TEST_1038,STES
TEST_1039,LUSC
TEST_1040,KIPAN
TEST_1041,LUSC
TEST_1042,PRAD
TEST_1043,KIPAN
TEST_1044,LUSC
TEST_1045,BLCA
TEST_1046,KIPAN
TEST_1047,OV
TEST_1048,BRCA
TEST_1049,KIPAN
TEST_1050,STES
TEST_1051,KIPAN
TEST_1052,STES
TEST_1053,KIPAN
TEST_1054,HNSC
TEST_1055,THYM
TEST_1056,SARC
TEST_1057,ACC
TEST_1058,PRAD
TEST_1059,OV
TEST_1060,LUSC
TEST_1061,BRCA
TEST_1062,STES
TEST_1063,STES
TEST_1064,STES
TEST_1065,PRAD
TEST_1066,KIPAN
TEST_1067,BRCA
TEST_1068,KIPAN
TEST_1069,STES
TEST_1070,ACC
TEST_1071,KIRC
TEST_1072,KIRC
TEST_1073,COAD
TEST_1074,UCEC
TEST_1075,SKCM
TEST_1076,CESC
TEST_1077,LIHC
TEST_1078,PRAD
TEST_1079,STES
TEST_1080,STES
TEST_1081,SKCM
TEST_1082,SARC
TEST_1083,OV
TEST_1084,GBMLGG
TEST_1085,PRAD
TEST_1086,STES
TEST_1087,BRCA
TEST_1088,OV
TEST_1089,PCPG
TEST_1090,LGG
TEST_1091,STES
TEST_1092,TGCT
TEST_1093,PRAD
TEST_1094,STES
TEST_1095,KIPAN
TEST_1096,HNSC
TEST_1097,LUSC
TEST_1098,BRCA
TEST_1099,GBMLGG
TEST_1100,STES
TEST_1101,KIPAN
TEST_1102,PRAD
TEST_1103,STES
TEST_1104,BRCA
TEST_1105,COAD
TEST_1106,THCA
TEST_1107,LGG
TEST_1108,DLBC
TEST_1109,STES
TEST_1110,SARC
TEST_1111,BRCA
TEST_1112,LGG
TEST_1113,KIPAN
TEST_1114,SARC
TEST_1115,SARC
TEST_1116,LGG
TEST_1117,OV
TEST_1118,PRAD
TEST_1119,STES
TEST_1120,BRCA
TEST_1121,TGCT
TEST_1122,KIPAN
TEST_1123,STES
TEST_1124,LUSC
TEST_1125,STES
TEST_1126,UCEC
TEST_1127,KIPAN
TEST_1128,KIPAN
TEST_1129,STES
TEST_1130,GBMLGG
TEST_1131,KIPAN
TEST_1132,KIPAN
TEST_1133,COAD
TEST_1134,GBMLGG
TEST_1135,LUAD
TEST_1136,LGG
TEST_1137,STES
TEST_1138,HNSC
TEST_1139,KIRC
TEST_1140,SARC
TEST_1141,PAAD
TEST_1142,KIPAN
TEST_1143,PAAD
TEST_1144,STES
TEST_1145,SKCM
TEST_1146,LUSC
TEST_1147,LUAD
TEST_1148,LUSC
TEST_1149,KIPAN
TEST_1150,OV
TEST_1151,STES
TEST_1152,STES
TEST_1153,STES
TEST_1154,KIPAN
TEST_1155,LGG
TEST_1156,KIRC
TEST_1157,LIHC
TEST_1158,STES
TEST_1159,HNSC
TEST_1160,GBMLGG
TEST_1161,KIPAN
TEST_1162,PAAD
TEST_1163,SKCM
TEST_1164,KIPAN
TEST_1165,KIPAN
TEST_1166,STES
TEST_1167,BRCA
TEST_1168,TGCT
TEST_1169,BLCA
TEST_1170,KIRC
TEST_1171,BRCA
TEST_1172,STES
TEST_1173,KIPAN
TEST_1174,BRCA
TEST_1175,SARC
TEST_1176,SARC
TEST_1177,GBMLGG
TEST_1178,STES
TEST_1179,SKCM
TEST_1180,LGG
TEST_1181,PRAD
TEST_1182,GBMLGG
TEST_1183,SARC
TEST_1184,KIPAN
TEST_1185,KIPAN
TEST_1186,STES
TEST_1187,BRCA
TEST_1188,STES
TEST_1189,KIPAN
TEST_1190,LUAD
TEST_1191,THCA
TEST_1192,TGCT
TEST_1193,LUSC
TEST_1194,STES
TEST_1195,KIPAN
TEST_1196,GBMLGG
TEST_1197,THCA
TEST_1198,DLBC
TEST_1199,TGCT
TEST_1200,OV
TEST_1201,BRCA
TEST_1202,KIRC
TEST_1203,KIPAN
TEST_1204,KIRC
TEST_1205,LGG
TEST_1206,STES
TEST_1207,GBMLGG
TEST_1208,CESC
TEST_1209,PAAD
TEST_1210,OV
TEST_1211,KIPAN
TEST_1212,BRCA
TEST_1213,BRCA
TEST_1214,STES
TEST_1215,GBMLGG
TEST_1216,LUAD
TEST_1217,STES
TEST_1218,KIPAN
TEST_1219,BRCA
TEST_1220,LUAD
TEST_1221,KIPAN
TEST_1222,STES
TEST_1223,LUSC
TEST_1224,STES
TEST_1225,KIPAN
TEST_1226,SARC
TEST_1227,TGCT
TEST_1228,BRCA
TEST_1229,OV
TEST_1230,GBMLGG
TEST_1231,HNSC
TEST_1232,KIPAN
TEST_1233,BLCA
TEST_1234,TGCT
TEST_1235,LGG
TEST_1236,LIHC
TEST_1237,PCPG
TEST_1238,KIRC
TEST_1239,SARC
TEST_1240,STES
TEST_1241,SARC
TEST_1242,SARC
TEST_1243,SARC
TEST_1244,KIPAN
TEST_1245,COAD
TEST_1246,PRAD
TEST_1247,LUAD
TEST_1248,SARC
TEST_1249,THYM
TEST_1250,KIPAN
TEST_1251,KIPAN
TEST_1252,KIPAN
TEST_1253,KIPAN
TEST_1254,BRCA
TEST_1255,STES
TEST_1256,CESC
TEST_1257,KIRC
TEST_1258,KIPAN
TEST_1259,KIPAN
TEST_1260,HNSC
TEST_1261,LGG
TEST_1262,HNSC
TEST_1263,THCA
TEST_1264,BRCA
TEST_1265,UCEC
TEST_1266,OV
TEST_1267,THYM
TEST_1268,KIPAN
TEST_1269,BRCA
TEST_1270,STES
TEST_1271,KIPAN
TEST_1272,KIPAN
TEST_1273,PRAD
TEST_1274,LUSC
TEST_1275,STES
TEST_1276,OV
TEST_1277,LUAD
TEST_1278,KIPAN
TEST_1279,PRAD
TEST_1280,LIHC
TEST_1281,PCPG
TEST_1282,GBMLGG
TEST_1283,GBMLGG
TEST_1284,LIHC
TEST_1285,BRCA
TEST_1286,LGG
TEST_1287,THCA
TEST_1288,LIHC
TEST_1289,KIPAN
TEST_1290,BRCA
TEST_1291,STES
TEST_1292,STES
TEST_1293,LGG
TEST_1294,PRAD
TEST_1295,PRAD
TEST_1296,KIPAN
TEST_1297,STES
TEST_1298,STES
TEST_1299,LUAD
TEST_1300,COAD
TEST_1301,KIPAN
TEST_1302,STES
TEST_1303,LUSC
TEST_1304,STES
TEST_1305,GBMLGG
TEST_1306,COAD
TEST_1307,STES
TEST_1308,BLCA
TEST_1309,KIPAN
TEST_1310,COAD
TEST_1311,PRAD
TEST_1312,BRCA
TEST_1313,LUSC
TEST_1314,KIPAN
TEST_1315,COAD
TEST_1316,COAD
TEST_1317,KIPAN
TEST_1318,SARC
TEST_1319,HNSC
TEST_1320,BRCA
TEST_1321,TGCT
TEST_1322,OV
TEST_1323,BRCA
TEST_1324,KIPAN
TEST_1325,STES
TEST_1326,KIPAN
TEST_1327,SARC
TEST_1328,SKCM
TEST_1329,GBMLGG
TEST_1330,BRCA
TEST_1331,PRAD
TEST_1332,SARC
TEST_1333,LUSC
TEST_1334,SARC
TEST_1335,OV
TEST_1336,COAD
TEST_1337,STES
TEST_1338,SARC
TEST_1339,STES
TEST_1340,SARC
TEST_1341,STES
TEST_1342,STES
TEST_1343,STES
TEST_1344,KIPAN
TEST_1345,KIPAN
TEST_1346,KIPAN
TEST_1347,PRAD
TEST_1348,LAML
TEST_1349,KIPAN
TEST_1350,LUSC
TEST_1351,STES
TEST_1352,KIPAN
TEST_1353,LUSC
TEST_1354,KIRC
TEST_1355,LUSC
TEST_1356,COAD
TEST_1357,LUSC
TEST_1358,PRAD
TEST_1359,KIPAN
TEST_1360,KIRC
TEST_1361,BRCA
TEST_1362,BRCA
TEST_1363,STES
TEST_1364,SARC
TEST_1365,GBMLGG
TEST_1366,SKCM
TEST_1367,BRCA
TEST_1368,KIPAN
TEST_1369,KIRC
TEST_1370,STES
TEST_1371,GBMLGG
TEST_1372,KIPAN
TEST_1373,STES
TEST_1374,STES
TEST_1375,LUSC
TEST_1376,CESC
TEST_1377,PRAD
TEST_1378,TGCT
TEST_1379,COAD
TEST_1380,KIPAN
TEST_1381,LUSC
TEST_1382,KIPAN
TEST_1383,LGG
TEST_1384,THCA
TEST_1385,HNSC
TEST_1386,LUAD
TEST_1387,OV
TEST_1388,THCA
TEST_1389,STES
TEST_1390,LAML
TEST_1391,THCA
TEST_1392,SKCM
TEST_1393,KIPAN
TEST_1394,GBMLGG
TEST_1395,GBMLGG
TEST_1396,LUAD
TEST_1397,LGG
TEST_1398,KIPAN
TEST_1399,LGG
TEST_1400,SARC
TEST_1401,STES
TEST_1402,ACC
TEST_1403,HNSC
TEST_1404,LUAD
TEST_1405,KIPAN
TEST_1406,LUSC
TEST_1407,PAAD
TEST_1408,KIRC
TEST_1409,STES
TEST_1410,SARC
TEST_1411,LGG
TEST_1412,KIPAN
TEST_1413,KIRC
TEST_1414,STES
TEST_1415,LIHC
TEST_1416,DLBC
TEST_1417,STES
TEST_1418,SARC
TEST_1419,LIHC
TEST_1420,LUSC
TEST_1421,LGG
TEST_1422,KIPAN
TEST_1423,LUAD
TEST_1424,GBMLGG
TEST_1425,STES
TEST_1426,KIRC
TEST_1427,LIHC
TEST_1428,KIRC
TEST_1429,LUSC
TEST_1430,BRCA
TEST_1431,KIPAN
TEST_1432,COAD
TEST_1433,OV
TEST_1434,BLCA
TEST_1435,SARC
TEST_1436,BRCA
TEST_1437,LAML
TEST_1438,SKCM
TEST_1439,LUSC
TEST_1440,STES
TEST_1441,COAD
TEST_1442,BRCA
TEST_1443,SARC
TEST_1444,KIPAN
TEST_1445,STES
TEST_1446,KIPAN
TEST_1447,THCA
TEST_1448,STES
TEST_1449,STES
TEST_1450,KIPAN
TEST_1451,KIPAN
TEST_1452,BRCA
TEST_1453,STES
TEST_1454,UCEC
TEST_1455,KIPAN
TEST_1456,HNSC
TEST_1457,OV
TEST_1458,STES
TEST_1459,BRCA
TEST_1460,GBMLGG
TEST_1461,STES
TEST_1462,SKCM
TEST_1463,KIPAN
TEST_1464,OV
TEST_1465,PRAD
TEST_1466,BRCA
TEST_1467,LGG
TEST_1468,KIRC
TEST_1469,UCEC
TEST_1470,LUSC
TEST_1471,LUSC
TEST_1472,BRCA
TEST_1473,LUSC
TEST_1474,LUSC
TEST_1475,THCA
TEST_1476,SARC
TEST_1477,LUSC
TEST_1478,STES
TEST_1479,GBMLGG
TEST_1480,SKCM
TEST_1481,LUSC
TEST_1482,KIPAN
TEST_1483,LUSC
TEST_1484,KIPAN
TEST_1485,BRCA
TEST_1486,OV
TEST_1487,THCA
TEST_1488,GBMLGG
TEST_1489,LIHC
TEST_1490,LGG
TEST_1491,STES
TEST_1492,PRAD
TEST_1493,STES
TEST_1494,LUAD
TEST_1495,STES
TEST_1496,LAML
TEST_1497,STES
TEST_1498,KIPAN
TEST_1499,LGG
TEST_1500,SARC
TEST_1501,KIPAN
TEST_1502,KIRC
TEST_1503,BRCA
TEST_1504,GBMLGG
TEST_1505,BRCA
TEST_1506,KIPAN
TEST_1507,PCPG
TEST_1508,LIHC
TEST_1509,LGG
TEST_1510,STES
TEST_1511,STES
TEST_1512,GBMLGG
TEST_1513,STES
TEST_1514,LUSC
TEST_1515,KIPAN
TEST_1516,STES
TEST_1517,PRAD
TEST_1518,KIPAN
TEST_1519,STES
TEST_1520,PRAD
TEST_1521,BRCA
TEST_1522,HNSC
TEST_1523,BRCA
TEST_1524,HNSC
TEST_1525,STES
TEST_1526,SKCM
TEST_1527,THCA
TEST_1528,GBMLGG
TEST_1529,STES
TEST_1530,KIPAN
TEST_1531,CESC
TEST_1532,PRAD
TEST_1533,STES
TEST_1534,BRCA
TEST_1535,STES
TEST_1536,SARC
TEST_1537,COAD
TEST_1538,CESC
TEST_1539,KIRC
TEST_1540,STES
TEST_1541,LUAD
TEST_1542,THYM
TEST_1543,COAD
TEST_1544,STES
TEST_1545,KIPAN
TEST_1546,STES
TEST_1547,STES
TEST_1548,HNSC
TEST_1549,KIPAN
TEST_1550,CESC
TEST_1551,LUAD
TEST_1552,GBMLGG
TEST_1553,LUSC
TEST_1554,KIPAN
TEST_1555,SARC
TEST_1556,COAD
TEST_1557,KIRC
TEST_1558,THCA
TEST_1559,KIPAN
TEST_1560,PRAD
TEST_1561,PRAD
TEST_1562,KIPAN
TEST_1563,STES
TEST_1564,KIPAN
TEST_1565,KIPAN
TEST_1566,THCA
TEST_1567,GBMLGG
TEST_1568,KIPAN
TEST_1569,THCA
TEST_1570,HNSC
TEST_1571,LAML
TEST_1572,LGG
TEST_1573,STES
TEST_1574,PRAD
TEST_1575,KIPAN
TEST_1576,DLBC
TEST_1577,LUSC
TEST_1578,KIRC
TEST_1579,SARC
TEST_1580,KIPAN
TEST_1581,KIPAN
TEST_1582,KIPAN
TEST_1583,HNSC
TEST_1584,BRCA
TEST_1585,PCPG
TEST_1586,PAAD
TEST_1587,BRCA
TEST_1588,SARC
TEST_1589,KIPAN
TEST_1590,LUAD
TEST_1591,KIPAN
TEST_1592,LAML
TEST_1593,STES
TEST_1594,ACC
TEST_1595,SARC
TEST_1596,LUSC
TEST_1597,CESC
TEST_1598,SKCM
TEST_1599,UCEC
TEST_1600,SARC
TEST_1601,STES
TEST_1602,LUSC
TEST_1603,HNSC
TEST_1604,KIPAN
TEST_1605,STES
TEST_1606,HNSC
TEST_1607,STES
TEST_1608,KIPAN
TEST_1609,PRAD
TEST_1610,KIPAN
TEST_1611,LUAD
TEST_1612,STES
TEST_1613,LGG
TEST_1614,BRCA
TEST_1615,HNSC
TEST_1616,SARC
TEST_1617,LIHC
TEST_1618,UCEC
TEST_1619,STES
TEST_1620,KIRC
TEST_1621,COAD
TEST_1622,PRAD
TEST_1623,LUSC
TEST_1624,OV
TEST_1625,KIPAN
TEST_1626,PCPG
TEST_1627,STES
TEST_1628,SARC
TEST_1629,STES
TEST_1630,KIRC
TEST_1631,UCEC
TEST_1632,GBMLGG
TEST_1633,LUSC
TEST_1634,PRAD
TEST_1635,SARC
TEST_1636,DLBC
TEST_1637,KIPAN
TEST_1638,OV
TEST_1639,PRAD
TEST_1640,GBMLGG
TEST_1641,OV
TEST_1642,KIPAN
TEST_1643,DLBC
TEST_1644,HNSC
TEST_1645,LUSC
TEST_1646,KIRC
TEST_1647,KIPAN
TEST_1648,PAAD
TEST_1649,DLBC
TEST_1650,LUSC
TEST_1651,KIPAN
TEST_1652,LUSC
TEST_1653,KIRC
TEST_1654,COAD
TEST_1655,KIPAN
TEST_1656,PRAD
TEST_1657,LGG
TEST_1658,SARC
TEST_1659,HNSC
TEST_1660,COAD
TEST_1661,LUSC
TEST_1662,SARC
TEST_1663,GBMLGG
TEST_1664,SKCM
TEST_1665,KIRC
TEST_1666,BRCA
TEST_1667,KIPAN
TEST_1668,CESC
TEST_1669,STES
TEST_1670,COAD
TEST_1671,BRCA
TEST_1672,STES
TEST_1673,LUSC
TEST_1674,LUSC
TEST_1675,LGG
TEST_1676,STES
TEST_1677,SARC
TEST_1678,STES
TEST_1679,KIPAN
TEST_1680,KIPAN
TEST_1681,KIRC
TEST_1682,STES
TEST_1683,LIHC
TEST_1684,LGG
TEST_1685,CESC
TEST_1686,SARC
TEST_1687,BRCA
TEST_1688,KIPAN
TEST_1689,STES
TEST_1690,THYM
TEST_1691,LUSC
TEST_1692,THCA
TEST_1693,LGG
TEST_1694,KIPAN
TEST_1695,BRCA
TEST_1696,SARC
TEST_1697,PRAD
TEST_1698,OV
TEST_1699,KIPAN
TEST_1700,LGG
TEST_1701,PRAD
TEST_1702,GBMLGG
TEST_1703,STES
TEST_1704,KIPAN
TEST_1705,LIHC
TEST_1706,BRCA
TEST_1707,GBMLGG
TEST_1708,PRAD
TEST_1709,BRCA
TEST_1710,KIPAN
TEST_1711,KIPAN
TEST_1712,OV
TEST_1713,STES
TEST_1714,COAD
TEST_1715,KIPAN
TEST_1716,HNSC
TEST_1717,STES
TEST_1718,STES
TEST_1719,KIPAN
TEST_1720,KIPAN
TEST_1721,LUAD
TEST_1722,ACC
TEST_1723,KIPAN
TEST_1724,LIHC
TEST_1725,STES
TEST_1726,LUAD
TEST_1727,KIPAN
TEST_1728,THCA
TEST_1729,GBMLGG
TEST_1730,LUSC
TEST_1731,KIRC
TEST_1732,PAAD
TEST_1733,BRCA
TEST_1734,HNSC
TEST_1735,OV
TEST_1736,PRAD
TEST_1737,LUSC
TEST_1738,CESC
TEST_1739,BRCA
TEST_1740,BRCA
TEST_1741,LAML
TEST_1742,LUAD
TEST_1743,STES
TEST_1744,OV
TEST_1745,BRCA
TEST_1746,COAD
TEST_1747,SARC
TEST_1748,THCA
TEST_1749,OV
TEST_1750,TGCT
TEST_1751,STES
TEST_1752,KIPAN
TEST_1753,GBMLGG
TEST_1754,LGG
TEST_1755,PRAD
TEST_1756,PRAD
TEST_1757,GBMLGG
TEST_1758,THCA
TEST_1759,TGCT
TEST_1760,OV
TEST_1761,KIPAN
TEST_1762,LUSC
TEST_1763,SARC
TEST_1764,KIPAN
TEST_1765,UCEC
TEST_1766,KIPAN
TEST_1767,UCEC
TEST_1768,BRCA
TEST_1769,GBMLGG
TEST_1770,THYM
TEST_1771,DLBC
TEST_1772,HNSC
TEST_1773,STES
TEST_1774,GBMLGG
TEST_1775,BRCA
TEST_1776,LIHC
TEST_1777,PAAD
TEST_1778,SARC
TEST_1779,PRAD
TEST_1780,TGCT
TEST_1781,HNSC
TEST_1782,STES
TEST_1783,LIHC
TEST_1784,PRAD
TEST_1785,THYM
TEST_1786,STES
TEST_1787,BRCA
TEST_1788,ACC
TEST_1789,KIPAN
TEST_1790,STES
TEST_1791,PRAD
TEST_1792,STES
TEST_1793,KIPAN
TEST_1794,SKCM
TEST_1795,SKCM
TEST_1796,KIPAN
TEST_1797,LUSC
TEST_1798,OV
TEST_1799,KIPAN
TEST_1800,KIPAN
TEST_1801,BRCA
TEST_1802,SARC
TEST_1803,LUAD
TEST_1804,LAML
TEST_1805,BRCA
TEST_1806,KIRC
TEST_1807,THCA
TEST_1808,PRAD
TEST_1809,SARC
TEST_1810,PRAD
TEST_1811,LUSC
TEST_1812,KIRC
TEST_1813,BRCA
TEST_1814,COAD
TEST_1815,BRCA
TEST_1816,KIPAN
TEST_1817,LUAD
TEST_1818,STES
TEST_1819,BRCA
TEST_1820,LUSC
TEST_1821,LGG
TEST_1822,KIPAN
TEST_1823,STES
TEST_1824,LUSC
TEST_1825,LUSC
TEST_1826,STES
TEST_1827,PRAD
TEST_1828,SARC
TEST_1829,STES
TEST_1830,PRAD
TEST_1831,BRCA
TEST_1832,THYM
TEST_1833,KIPAN
TEST_1834,GBMLGG
TEST_1835,LUSC
TEST_1836,GBMLGG
TEST_1837,DLBC
TEST_1838,LUAD
TEST_1839,LUSC
TEST_1840,SARC
TEST_1841,OV
TEST_1842,STES
TEST_1843,LIHC
TEST_1844,BRCA
TEST_1845,KIPAN
TEST_1846,CESC
TEST_1847,GBMLGG
TEST_1848,KIPAN
TEST_1849,GBMLGG
TEST_1850,LIHC
TEST_1851,LAML
TEST_1852,STES
TEST_1853,THCA
TEST_1854,HNSC
TEST_1855,LUAD
TEST_1856,THCA
TEST_1857,LIHC
TEST_1858,PRAD
TEST_1859,HNSC
TEST_1860,HNSC
TEST_1861,LIHC
TEST_1862,STES
TEST_1863,SKCM
TEST_1864,KIPAN
TEST_1865,PRAD
TEST_1866,THYM
TEST_1867,KIPAN
TEST_1868,OV
TEST_1869,OV
TEST_1870,BRCA
TEST_1871,KIPAN
TEST_1872,STES
TEST_1873,LUAD
TEST_1874,KIPAN
TEST_1875,GBMLGG
TEST_1876,STES
TEST_1877,OV
TEST_1878,KIPAN
TEST_1879,KIRC
TEST_1880,OV
TEST_1881,PRAD
TEST_1882,KIPAN
TEST_1883,PRAD
TEST_1884,KIPAN
TEST_1885,PRAD
TEST_1886,STES
TEST_1887,STES
TEST_1888,STES
TEST_1889,LIHC
TEST_1890,LUSC
TEST_1891,SARC
TEST_1892,GBMLGG
TEST_1893,CESC
TEST_1894,SARC
TEST_1895,KIPAN
TEST_1896,KIPAN
TEST_1897,LUSC
TEST_1898,HNSC
TEST_1899,BRCA
TEST_1900,BLCA
TEST_1901,STES
TEST_1902,SARC
TEST_1903,STES
TEST_1904,KIRC
TEST_1905,PRAD
TEST_1906,COAD
TEST_1907,KIPAN
TEST_1908,HNSC
TEST_1909,GBMLGG
TEST_1910,LGG
TEST_1911,SARC
TEST_1912,UCEC
TEST_1913,UCEC
TEST_1914,DLBC
TEST_1915,STES
TEST_1916,STES
TEST_1917,KIPAN
TEST_1918,KIRC
TEST_1919,KIPAN
TEST_1920,KIPAN
TEST_1921,LUSC
TEST_1922,COAD
TEST_1923,KIPAN
TEST_1924,LUSC
TEST_1925,STES
TEST_1926,PRAD
TEST_1927,HNSC
TEST_1928,KIPAN
TEST_1929,GBMLGG
TEST_1930,TGCT
TEST_1931,GBMLGG
TEST_1932,GBMLGG
TEST_1933,SARC
TEST_1934,LUSC
TEST_1935,PRAD
TEST_1936,GBMLGG
TEST_1937,KIPAN
TEST_1938,STES
TEST_1939,KIPAN
TEST_1940,TGCT
TEST_1941,BRCA
TEST_1942,STES
TEST_1943,SARC
TEST_1944,KIPAN
TEST_1945,BRCA
TEST_1946,BRCA
TEST_1947,SKCM
TEST_1948,PCPG
TEST_1949,GBMLGG
TEST_1950,LUAD
TEST_1951,HNSC
TEST_1952,KIPAN
TEST_1953,SKCM
TEST_1954,STES
TEST_1955,PRAD
TEST_1956,KIPAN
TEST_1957,LUSC
TEST_1958,STES
TEST_1959,HNSC
TEST_1960,KIPAN
TEST_1961,KIPAN
TEST_1962,OV
TEST_1963,KIPAN
TEST_1964,KIPAN
TEST_1965,THYM
TEST_1966,STES
TEST_1967,KIPAN
TEST_1968,STES
TEST_1969,OV
TEST_1970,SARC
TEST_1971,STES
TEST_1972,STES
TEST_1973,KIPAN
TEST_1974,TGCT
TEST_1975,BRCA
TEST_1976,PRAD
TEST_1977,PRAD
TEST_1978,LAML
TEST_1979,LAML
TEST_1980,CESC
TEST_1981,STES
TEST_1982,LUAD
TEST_1983,KIRC
TEST_1984,HNSC
TEST_1985,BRCA
TEST_1986,KIPAN
TEST_1987,STES
TEST_1988,LIHC
TEST_1989,KIPAN
TEST_1990,SARC
TEST_1991,PRAD
TEST_1992,KIPAN
TEST_1993,BRCA
TEST_1994,LUSC
TEST_1995,STES
TEST_1996,STES
TEST_1997,THCA
TEST_1998,KIPAN
TEST_1999,STES
TEST_2000,KIPAN
TEST_2001,LIHC
TEST_2002,OV
TEST_2003,SARC
TEST_2004,KIPAN
TEST_2005,BRCA
TEST_2006,STES
TEST_2007,SARC
TEST_2008,BRCA
TEST_2009,BRCA
TEST_2010,PRAD
TEST_2011,STES
TEST_2012,KIPAN
TEST_2013,ACC
TEST_2014,KIRC
TEST_2015,PRAD
TEST_2016,UCEC
TEST_2017,PRAD
TEST_2018,STES
TEST_2019,LUAD
TEST_2020,COAD
TEST_2021,BRCA
TEST_2022,KIPAN
TEST_2023,BLCA
TEST_2024,KIPAN
TEST_2025,STES
TEST_2026,BLCA
TEST_2027,GBMLGG
TEST_2028,THCA
TEST_2029,KIRC
TEST_2030,KIRC
TEST_2031,BLCA
TEST_2032,SARC
TEST_2033,LUSC
TEST_2034,STES
TEST_2035,PRAD
TEST_2036,STES
TEST_2037,LUSC
TEST_2038,LUSC
TEST_2039,KIPAN
TEST_2040,STES
TEST_2041,KIPAN
TEST_2042,CESC
TEST_2043,LUSC
TEST_2044,LUAD
TEST_2045,STES
TEST_2046,THYM
TEST_2047,PAAD
TEST_2048,SKCM
TEST_2049,THCA
TEST_2050,OV
TEST_2051,STES
TEST_2052,STES
TEST_2053,STES
TEST_2054,COAD
TEST_2055,THCA
TEST_2056,KIRC
TEST_2057,KIPAN
TEST_2058,LUSC
TEST_2059,THYM
TEST_2060,LUSC
TEST_2061,COAD
TEST_2062,LUSC
TEST_2063,STES
TEST_2064,KIRC
TEST_2065,KIPAN
TEST_2066,PRAD
TEST_2067,LUSC
TEST_2068,LUSC
TEST_2069,LAML
TEST_2070,COAD
TEST_2071,SARC
TEST_2072,TGCT
TEST_2073,SKCM
TEST_2074,THCA
TEST_2075,KIPAN
TEST_2076,LUSC
TEST_2077,STES
TEST_2078,STES
TEST_2079,PAAD
TEST_2080,BRCA
TEST_2081,KIRC
TEST_2082,PCPG
TEST_2083,SARC
TEST_2084,STES
TEST_2085,LUSC
TEST_2086,KIPAN
TEST_2087,STES
TEST_2088,HNSC
TEST_2089,SARC
TEST_2090,LUSC
TEST_2091,PRAD
TEST_2092,BLCA
TEST_2093,KIPAN
TEST_2094,KIPAN
TEST_2095,PRAD
TEST_2096,GBMLGG
TEST_2097,KIPAN
TEST_2098,BRCA
TEST_2099,KIPAN
TEST_2100,HNSC
TEST_2101,LUAD
TEST_2102,STES
TEST_2103,STES
TEST_2104,LUSC
TEST_2105,KIPAN
TEST_2106,GBMLGG
TEST_2107,KIRC
TEST_2108,COAD
TEST_2109,BRCA
TEST_2110,STES
TEST_2111,KIPAN
TEST_2112,BRCA
TEST_2113,SARC
TEST_2114,PRAD
TEST_2115,PRAD
TEST_2116,BRCA
TEST_2117,SARC
TEST_2118,THYM
TEST_2119,STES
TEST_2120,KIRC
TEST_2121,COAD
TEST_2122,OV
TEST_2123,HNSC
TEST_2124,BLCA
TEST_2125,STES
TEST_2126,BRCA
TEST_2127,LUSC
TEST_2128,BRCA
TEST_2129,SARC
TEST_2130,LUSC
TEST_2131,LUSC
TEST_2132,THYM
TEST_2133,STES
TEST_2134,KIRC
TEST_2135,KIPAN
TEST_2136,LUAD
TEST_2137,SKCM
TEST_2138,DLBC
TEST_2139,LUSC
TEST_2140,PAAD
TEST_2141,BRCA
TEST_2142,KIRC
TEST_2143,LIHC
TEST_2144,HNSC
TEST_2145,COAD
TEST_2146,KIPAN
TEST_2147,GBMLGG
TEST_2148,KIPAN
TEST_2149,KIPAN
TEST_2150,LAML
TEST_2151,PRAD
TEST_2152,COAD
TEST_2153,THYM
TEST_2154,BRCA
TEST_2155,ACC
TEST_2156,OV
TEST_2157,OV
TEST_2158,ACC
TEST_2159,UCEC
TEST_2160,STES
TEST_2161,HNSC
TEST_2162,LUSC
TEST_2163,GBMLGG
TEST_2164,SARC
TEST_2165,GBMLGG
TEST_2166,SKCM
TEST_2167,GBMLGG
TEST_2168,STES
TEST_2169,STES
TEST_2170,LUSC
TEST_2171,SARC
TEST_2172,OV
TEST_2173,SKCM
TEST_2174,KIPAN
TEST_2175,GBMLGG
TEST_2176,LGG
TEST_2177,STES
TEST_2178,GBMLGG
TEST_2179,PRAD
TEST_2180,STES
TEST_2181,LUAD
TEST_2182,KIRC
TEST_2183,BRCA
TEST_2184,BRCA
TEST_2185,SARC
TEST_2186,STES
TEST_2187,LUAD
TEST_2188,KIRC
TEST_2189,STES
TEST_2190,SKCM
TEST_2191,STES
TEST_2192,PRAD
TEST_2193,OV
TEST_2194,HNSC
TEST_2195,STES
TEST_2196,STES
TEST_2197,STES
TEST_2198,STES
TEST_2199,CESC
TEST_2200,LUSC
TEST_2201,SARC
TEST_2202,STES
TEST_2203,PAAD
TEST_2204,LUSC
TEST_2205,THYM
TEST_2206,KIPAN
TEST_2207,SARC
TEST_2208,KIPAN
TEST_2209,HNSC
TEST_2210,KIPAN
TEST_2211,OV
TEST_2212,SARC
TEST_2213,PRAD
TEST_2214,UCEC
TEST_2215,LUSC
TEST_2216,STES
TEST_2217,COAD
TEST_2218,THYM
TEST_2219,KIRC
TEST_2220,BRCA
TEST_2221,LGG
TEST_2222,SARC
TEST_2223,HNSC
TEST_2224,KIPAN
TEST_2225,BRCA
TEST_2226,STES
TEST_2227,STES
TEST_2228,HNSC
TEST_2229,STES
TEST_2230,BRCA
TEST_2231,STES
TEST_2232,STES
TEST_2233,THCA
TEST_2234,HNSC
TEST_2235,LUSC
TEST_2236,CESC
TEST_2237,COAD
TEST_2238,GBMLGG
TEST_2239,OV
TEST_2240,BRCA
TEST_2241,GBMLGG
TEST_2242,HNSC
TEST_2243,KIPAN
TEST_2244,LUSC
TEST_2245,KIRC
TEST_2246,LIHC
TEST_2247,KIPAN
TEST_2248,BRCA
TEST_2249,BRCA
TEST_2250,STES
TEST_2251,PRAD
TEST_2252,LUAD
TEST_2253,HNSC
TEST_2254,KIPAN
TEST_2255,STES
TEST_2256,SARC
TEST_2257,HNSC
TEST_2258,SARC
TEST_2259,COAD
TEST_2260,STES
TEST_2261,SKCM
TEST_2262,LGG
TEST_2263,THCA
TEST_2264,LUSC
TEST_2265,STES
TEST_2266,STES
TEST_2267,KIPAN
TEST_2268,THCA
TEST_2269,STES
TEST_2270,BRCA
TEST_2271,BRCA
TEST_2272,STES
TEST_2273,UCEC
TEST_2274,PRAD
TEST_2275,ACC
TEST_2276,LGG
TEST_2277,KIPAN
TEST_2278,KIPAN
TEST_2279,PRAD
TEST_2280,KIPAN
TEST_2281,PRAD
TEST_2282,HNSC
TEST_2283,THCA
TEST_2284,KIRC
TEST_2285,KIPAN
TEST_2286,HNSC
TEST_2287,OV
TEST_2288,SARC
TEST_2289,DLBC
TEST_2290,STES
TEST_2291,DLBC
TEST_2292,PRAD
TEST_2293,SARC
TEST_2294,KIPAN
TEST_2295,OV
TEST_2296,COAD
TEST_2297,KIPAN
TEST_2298,LUSC
TEST_2299,BLCA
TEST_2300,KIPAN
TEST_2301,STES
TEST_2302,KIPAN
TEST_2303,KIPAN
TEST_2304,LUSC
TEST_2305,OV
TEST_2306,UCEC
TEST_2307,GBMLGG
TEST_2308,GBMLGG
TEST_2309,BLCA
TEST_2310,STES
TEST_2311,COAD
TEST_2312,SKCM
TEST_2313,KIPAN
TEST_2314,KIPAN
TEST_2315,KIPAN
TEST_2316,KIPAN
TEST_2317,TGCT
TEST_2318,PAAD
TEST_2319,SARC
TEST_2320,KIPAN
TEST_2321,STES
TEST_2322,PRAD
TEST_2323,KIPAN
TEST_2324,KIRC
TEST_2325,BRCA
TEST_2326,SARC
TEST_2327,STES
TEST_2328,KIRC
TEST_2329,STES
TEST_2330,STES
TEST_2331,STES
TEST_2332,STES
TEST_2333,BRCA
TEST_2334,PRAD
TEST_2335,BRCA
TEST_2336,COAD
TEST_2337,KIRC
TEST_2338,LUSC
TEST_2339,STES
TEST_2340,THYM
TEST_2341,BRCA
TEST_2342,STES
TEST_2343,LUSC
TEST_2344,KIPAN
TEST_2345,STES
TEST_2346,TGCT
TEST_2347,COAD
TEST_2348,SKCM
TEST_2349,KIPAN
TEST_2350,STES
TEST_2351,GBMLGG
TEST_2352,STES
TEST_2353,BRCA
TEST_2354,LUSC
TEST_2355,KIPAN
TEST_2356,KIPAN
TEST_2357,STES
TEST_2358,SKCM
TEST_2359,KIPAN
TEST_2360,STES
TEST_2361,COAD
TEST_2362,LUSC
TEST_2363,PRAD
TEST_2364,KIPAN
TEST_2365,KIPAN
TEST_2366,KIPAN
TEST_2367,CESC
TEST_2368,STES
TEST_2369,LUAD
TEST_2370,HNSC
TEST_2371,COAD
TEST_2372,BRCA
TEST_2373,KIRC
TEST_2374,OV
TEST_2375,BRCA
TEST_2376,COAD
TEST_2377,KIPAN
TEST_2378,SARC
TEST_2379,BRCA
TEST_2380,LUSC
TEST_2381,BRCA
TEST_2382,OV
TEST_2383,LAML
TEST_2384,STES
TEST_2385,SARC
TEST_2386,STES
TEST_2387,STES
TEST_2388,STES
TEST_2389,KIPAN
TEST_2390,SARC
TEST_2391,HNSC
TEST_2392,OV
TEST_2393,PRAD
TEST_2394,BRCA
TEST_2395,BRCA
TEST_2396,SKCM
TEST_2397,STES
TEST_2398,KIPAN
TEST_2399,SARC
TEST_2400,HNSC
TEST_2401,HNSC
TEST_2402,BRCA
TEST_2403,LUAD
TEST_2404,LGG
TEST_2405,SARC
TEST_2406,THCA
TEST_2407,COAD
TEST_2408,STES
TEST_2409,STES
TEST_2410,PRAD
TEST_2411,KIPAN
TEST_2412,THYM
TEST_2413,LUSC
TEST_2414,BRCA
TEST_2415,KIPAN
TEST_2416,STES
TEST_2417,STES
TEST_2418,KIPAN
TEST_2419,LUSC
TEST_2420,STES
TEST_2421,HNSC
TEST_2422,LGG
TEST_2423,PAAD
TEST_2424,CESC
TEST_2425,COAD
TEST_2426,LUAD
TEST_2427,ACC
TEST_2428,STES
TEST_2429,HNSC
TEST_2430,LIHC
TEST_2431,KIPAN
TEST_2432,KIPAN
TEST_2433,LUSC
TEST_2434,PCPG
TEST_2435,STES
TEST_2436,LIHC
TEST_2437,LUSC
TEST_2438,KIPAN
TEST_2439,LUSC
TEST_2440,LUSC
TEST_2441,HNSC
TEST_2442,THCA
TEST_2443,LGG
TEST_2444,PAAD
TEST_2445,LUSC
TEST_2446,SKCM
TEST_2447,BRCA
TEST_2448,LIHC
TEST_2449,STES
TEST_2450,ACC
TEST_2451,LIHC
TEST_2452,PRAD
TEST_2453,OV
TEST_2454,LIHC
TEST_2455,STES
TEST_2456,HNSC
TEST_2457,BRCA
TEST_2458,PCPG
TEST_2459,KIPAN
TEST_2460,STES
TEST_2461,KIPAN
TEST_2462,LUSC
TEST_2463,TGCT
TEST_2464,PRAD
TEST_2465,LIHC
TEST_2466,COAD
TEST_2467,LUSC
TEST_2468,COAD
TEST_2469,BRCA
TEST_2470,COAD
TEST_2471,UCEC
TEST_2472,SARC
TEST_2473,STES
TEST_2474,OV
TEST_2475,STES
TEST_2476,STES
TEST_2477,LIHC
TEST_2478,TGCT
TEST_2479,SARC
TEST_2480,LUAD
TEST_2481,THYM
TEST_2482,KIPAN
TEST_2483,THCA
TEST_2484,KIPAN
TEST_2485,STES
TEST_2486,LUSC
TEST_2487,SARC
TEST_2488,HNSC
TEST_2489,OV
TEST_2490,KIPAN
TEST_2491,STES
TEST_2492,PRAD
TEST_2493,KIRC
TEST_2494,BRCA
TEST_2495,PRAD
TEST_2496,LUAD
TEST_2497,OV
TEST_2498,BRCA
TEST_2499,LUSC
TEST_2500,STES
TEST_2501,KIPAN
TEST_2502,KIPAN
TEST_2503,HNSC
TEST_2504,PRAD
TEST_2505,KIPAN
TEST_2506,BRCA
TEST_2507,LGG
TEST_2508,KIPAN
TEST_2509,OV
TEST_2510,LIHC
TEST_2511,GBMLGG
TEST_2512,KIRC
TEST_2513,THCA
TEST_2514,HNSC
TEST_2515,LGG
TEST_2516,KIPAN
TEST_2517,KIPAN
TEST_2518,OV
TEST_2519,STES
TEST_2520,STES
TEST_2521,LGG
TEST_2522,KIPAN
TEST_2523,COAD
TEST_2524,LIHC
TEST_2525,STES
TEST_2526,COAD
TEST_2527,LUSC
TEST_2528,STES
TEST_2529,CESC
TEST_2530,KIPAN
TEST_2531,STES
TEST_2532,PCPG
TEST_2533,PRAD
TEST_2534,OV
TEST_2535,OV
TEST_2536,STES
TEST_2537,BRCA
TEST_2538,KIPAN
TEST_2539,KIPAN
TEST_2540,DLBC
TEST_2541,KIPAN
TEST_2542,HNSC
TEST_2543,KIPAN
TEST_2544,LAML
TEST_2545,LGG
