from,to,n_approaches_present,mean_share,std_share
LGG,GBMLGG,29,0.4833103448275862,0.051441364979125284
KIRC,KIPAN,29,0.4537586206896552,0.03904785319933496
SARC,BRCA,29,0.3258620689655172,0.07272182432839826
OV,BRCA,29,0.3022758620689655,0.0766572742355372
PRAD,BRCA,29,0.26944827586206893,0.05500318875201162
PAAD,OV,29,0.2321724137931034,0.045759543165610025
THYM,BRCA,29,0.22796551724137928,0.1649195169978418
TGCT,KIPAN,29,0.2266896551724138,0.08792634199784768
PCPG,BRCA,29,0.225448275862069,0.05818850829010268
CESC,BRCA,29,0.21658620689655173,0.0575209210763739
GBMLGG,LGG,29,0.2012068965517242,0.02895820925872415
HNSC,BRCA,29,0.157,0.025420599846418337
KIPAN,KIRC,29,0.1486551724137931,0.03111522064849865
PAAD,BRCA,29,0.1356206896551724,0.037242369080078525
UCEC,BRCA,29,0.13303448275862068,0.03207801133080662
LIHC,KIPAN,29,0.12300000000000001,0.059586506225301816
DLBC,KIPAN,29,0.12251724137931035,0.05009137904329424
STES,BRCA,29,0.10775862068965517,0.040357587136458165
LUAD,LUSC,29,0.10272413793103449,0.01739975535246983
SARC,OV,29,0.08755172413793103,0.015817027505075472
PCPG,PRAD,28,0.20064285714285715,0.04375027696705333
LUSC,STES,28,0.18228571428571425,0.025797088903951302
THYM,PRAD,28,0.17603571428571424,0.04483977996541619
BLCA,STES,28,0.1709642857142857,0.038020184623111845
LIHC,BRCA,28,0.15517857142857144,0.039201907361968075
KIPAN,BRCA,28,0.15142857142857144,0.028967258082468323
KIRC,BRCA,28,0.1509642857142857,0.03265783885647534
HNSC,STES,28,0.14817857142857144,0.022781655482659993
SARC,PRAD,28,0.14732142857142858,0.0333595708813491
LUAD,STES,28,0.14610714285714285,0.030621350261488062
DLBC,BRCA,28,0.13171428571428573,0.03509258890304857
LAML,BRCA,28,0.13014285714285714,0.05815478993029496
LIHC,STES,28,0.12510714285714286,0.023201507472136194
THCA,PRAD,28,0.12407142857142858,0.02269507273684339
BLCA,HNSC,28,0.11107142857142858,0.028861650991569825
PCPG,THCA,28,0.10735714285714283,0.02040345608979428
PAAD,STES,28,0.09950000000000002,0.01305619721489706
LUSC,HNSC,28,0.09492857142857145,0.023214725270563834
COAD,STES,28,0.08157142857142859,0.013818798199317818
DLBC,HNSC,28,0.08003571428571428,0.0266518320770116
BRCA,PRAD,28,0.078,0.013082157969649242
BRCA,OV,28,0.07075000000000001,0.009560428113546262
TGCT,BRCA,27,0.12692592592592591,0.03451990936635234
THYM,THCA,27,0.12466666666666668,0.06550713842922148
CESC,KIPAN,27,0.1198148148148148,0.06378844492889905
LUSC,LUAD,27,0.10366666666666667,0.014429907214608906
THCA,BRCA,27,0.10185185185185185,0.02861843967031112
LUAD,BRCA,27,0.092,0.020611036238258735
GBMLGG,BRCA,27,0.08270370370370371,0.012088607476753612
HNSC,LUSC,27,0.07670370370370369,0.011987075801986859
UCEC,GBMLGG,27,0.07662962962962964,0.04169478886361393
LAML,PRAD,27,0.07625925925925926,0.03155077341611465
STES,HNSC,27,0.07029629629629632,0.009180554388225773
LIHC,GBMLGG,27,0.0672962962962963,0.019375079096258744
PRAD,THCA,26,0.08757692307692307,0.014101754055989676
SARC,GBMLGG,26,0.08176923076923079,0.017850463670572757
CESC,GBMLGG,26,0.07403846153846154,0.011732534545608861
PAAD,HNSC,26,0.067,0.012788215729274412
PAAD,GBMLGG,25,0.07600000000000001,0.0294441844852256
BLCA,LUSC,25,0.07556,0.017575164295106884
LAML,THCA,24,0.076375,0.01996207341435253
KIRC,PRAD,23,0.06234782608695652,0.015699927154780257
CESC,STES,22,0.076,0.016337352628534738
LUAD,GBMLGG,22,0.07113636363636365,0.02933086406461391
THYM,LAML,21,0.27838095238095234,0.1437578904469582
DLBC,STES,21,0.07404761904761904,0.015264263245446991
COAD,BRCA,21,0.06519047619047619,0.012545608404913377
PRAD,SARC,20,0.0602,0.008512343978012165
LIHC,LUSC,19,0.05778947368421052,0.009644081617723252
BLCA,BRCA,18,0.08600000000000001,0.04431327867204893
LUAD,KIPAN,18,0.07900000000000001,0.05195831662656775
STES,LUSC,16,0.060562500000000005,0.009253166687680494
THCA,LAML,15,0.07059999999999998,0.007812809993849843
BLCA,CESC,14,0.0722142857142857,0.008711064978590416
HNSC,OV,14,0.06507142857142859,0.015530910587388928
LGG,BRCA,14,0.057071428571428565,0.003150153867314278
THYM,PCPG,13,0.08776923076923077,0.07574365050428963
SARC,KIPAN,12,0.08658333333333333,0.044499921972465925
LIHC,OV,12,0.06816666666666667,0.016717422714707622
LAML,THYM,11,0.09045454545454545,0.03450260500405898
HNSC,CESC,11,0.05963636363636365,0.003914372753020179
CESC,LUSC,9,0.064,0.01783255450012701
CESC,BLCA,9,0.05766666666666667,0.007039570693980959
PAAD,KIPAN,8,0.12075000000000001,0.10517218025694818
PCPG,LAML,8,0.06862499999999999,0.028726892888023933
OV,STES,8,0.056499999999999995,0.003968626966596886
OV,KIPAN,7,0.11285714285714286,0.08739471800225616
BLCA,KIPAN,7,0.10185714285714287,0.09622804546853209
PCPG,THYM,7,0.07100000000000001,0.011135528725660045
UCEC,STES,7,0.066,0.007559289460184545
LUAD,HNSC,7,0.06371428571428571,0.008223907408356716
LAML,PCPG,7,0.06328571428571428,0.016050939320215018
DLBC,PRAD,7,0.06042857142857143,0.011745602737768267
HNSC,LUAD,7,0.060142857142857144,0.004050699108216522
LAML,OV,7,0.052714285714285714,0.004199125273342592
STES,KIPAN,6,0.1055,0.08313392809196496
KIPAN,PRAD,6,0.06699999999999999,0.0261725046566048
LIHC,LUAD,6,0.055,0.002828427124746193
PRAD,KIPAN,5,0.1024,0.03523975028288368
DLBC,SKCM,5,0.10020000000000003,0.042025706418809906
GBMLGG,KIPAN,5,0.0992,0.029640512816076582
THCA,THYM,5,0.0656,0.0029393876913398165
HNSC,KIPAN,4,0.1245,0.09661909749112749
BRCA,KIPAN,4,0.094,0.05047276493317956
CESC,SARC,4,0.055249999999999994,0.005629165124598853
ACC,KIPAN,3,0.10200000000000002,0.03447704550373577
OV,GBMLGG,3,0.083,0.024657656011875907
BLCA,LUAD,3,0.08033333333333333,0.004714045207910314
THCA,PCPG,3,0.07533333333333334,0.012552113589175152
LAML,LGG,3,0.07166666666666667,0.021312489817527713
PRAD,PCPG,3,0.065,0.006480740698407858
DLBC,GBMLGG,3,0.06166666666666667,0.012256517540566825
LUAD,LIHC,3,0.06166666666666667,0.007039570693980956
CESC,HNSC,3,0.05833333333333333,0.005312459150169744
DLBC,LUAD,3,0.053,0.0
SKCM,BRCA,2,0.2155,0.1615
LUSC,BRCA,2,0.135,0.03899999999999999
HNSC,GBMLGG,2,0.1345,0.0715
TGCT,GBMLGG,2,0.097,0.008
PCPG,KIPAN,2,0.095,0.034
STES,GBMLGG,2,0.091,0.036000000000000004
DLBC,CESC,2,0.079,0.026
PRAD,LAML,2,0.0755,0.022500000000000003
PCPG,GBMLGG,2,0.0745,0.013499999999999998
LAML,GBMLGG,2,0.06999999999999999,0.019
SKCM,KIPAN,2,0.067,0.0049999999999999975
DLBC,COAD,2,0.066,0.013000000000000001
LIHC,SARC,2,0.0605,0.009500000000000005
SKCM,GBMLGG,2,0.06,0.009000000000000005
UCEC,OV,2,0.058499999999999996,0.0024999999999999988
STES,COAD,2,0.055,0.0
DLBC,LUSC,2,0.053,0.0
THYM,KIPAN,1,0.357,0.0
THYM,SKCM,1,0.306,0.0
COAD,KIPAN,1,0.296,0.0
SKCM,COAD,1,0.261,0.0
PRAD,KIRC,1,0.233,0.0
PCPG,KIRC,1,0.231,0.0
LUSC,KIPAN,1,0.197,0.0
TGCT,KIRC,1,0.194,0.0
LUSC,GBMLGG,1,0.191,0.0
SARC,LGG,1,0.177,0.0
SARC,KIRC,1,0.167,0.0
LUSC,OV,1,0.152,0.0
PAAD,KIRC,1,0.15,0.0
CESC,KIRC,1,0.148,0.0
BRCA,GBMLGG,1,0.14,0.0
LIHC,PRAD,1,0.139,0.0
UCEC,LGG,1,0.136,0.0
BLCA,GBMLGG,1,0.135,0.0
BLCA,LGG,1,0.135,0.0
COAD,LGG,1,0.135,0.0
LUAD,OV,1,0.13,0.0
LAML,KIPAN,1,0.127,0.0
CESC,PRAD,1,0.123,0.0
BRCA,KIRC,1,0.117,0.0
BLCA,OV,1,0.115,0.0
THYM,KIRC,1,0.112,0.0
HNSC,KIRC,1,0.108,0.0
STES,OV,1,0.106,0.0
LUAD,KIRC,1,0.103,0.0
LAML,KIRC,1,0.101,0.0
LIHC,KIRC,1,0.101,0.0
LUSC,LGG,1,0.101,0.0
TGCT,PRAD,1,0.097,0.0
BRCA,LAML,1,0.094,0.0
PRAD,LGG,1,0.094,0.0
THCA,KIPAN,1,0.086,0.0
ACC,STES,1,0.083,0.0
UCEC,KIPAN,1,0.081,0.0
BRCA,LGG,1,0.078,0.0
LAML,SKCM,1,0.076,0.0
COAD,GBMLGG,1,0.076,0.0
OV,LGG,1,0.075,0.0
PCPG,LGG,1,0.075,0.0
LUSC,KIRC,1,0.073,0.0
HNSC,LGG,1,0.072,0.0
LUAD,LGG,1,0.071,0.0
THCA,KIRC,1,0.071,0.0
THCA,LGG,1,0.068,0.0
COAD,OV,1,0.067,0.0
OV,PRAD,1,0.067,0.0
BLCA,KIRC,1,0.067,0.0
KIPAN,GBMLGG,1,0.064,0.0
GBMLGG,KIRC,1,0.063,0.0
LIHC,LGG,1,0.063,0.0
PRAD,GBMLGG,1,0.06,0.0
THCA,SKCM,1,0.059,0.0
SKCM,THCA,1,0.058,0.0
STES,KIRC,1,0.058,0.0
ACC,SKCM,1,0.056,0.0
TGCT,SARC,1,0.056,0.0
ACC,BRCA,1,0.056,0.0
ACC,TGCT,1,0.056,0.0
THCA,GBMLGG,1,0.056,0.0
UCEC,KIRC,1,0.056,0.0
LUAD,SKCM,1,0.054,0.0
KIRC,GBMLGG,1,0.054,0.0
COAD,KIRC,1,0.054,0.0
SKCM,LGG,1,0.054,0.0
PCPG,SARC,1,0.054,0.0
DLBC,THCA,1,0.053,0.0
DLBC,KIRC,1,0.053,0.0
DLBC,LAML,1,0.053,0.0
DLBC,SARC,1,0.053,0.0
DLBC,TGCT,1,0.053,0.0
DLBC,BLCA,1,0.053,0.0
LGG,KIPAN,1,0.052,0.0
LUSC,CESC,1,0.051,0.0
LUSC,LIHC,1,0.051,0.0
UCEC,COAD,1,0.051,0.0
STES,LUAD,1,0.05,0.0
PAAD,LGG,1,0.05,0.0
PAAD,SARC,1,0.05,0.0
